{
    "pred_vis": {
        "IoU": {
            "Out Of Focus Blur": 0.6302075021706055,
            "Edge Aliasing Effect": 0.9391011757489799,
            "Low Clarity": 0.8676424197433001,
            "Underexposure": 0.0,
            "Meaningless Solid Color": 0.9999985000012501,
            "Excessive Darkness": 0.5777770204237003,
            "Noise": 0.8158404152153879,
            "Overexposure": 0.6538452788466738,
            "Motion Blur": 0.5733325922226079,
            "Edge Ringing Effect": 0.6666657777782964,
            "Blocking Artifacts": 0.6656707534955452,
            "Moiré Pattern": 0.9444430462974244,
            "Interlaced Scanning": 0.0,
            "Banding Effect": 0.0,
            "No Clear Subject": 0.0,
            "Infrared Tone": 0.0,
            "Blurred Image": 0.0,
            "Iris Expansion": 0.0
        },
        "mAP": 0.13138467901647852,
        "AP": {
            "Out Of Focus Blur": 0.05886234711209313,
            "Edge Aliasing Effect": 0.1332860588861377,
            "Low Clarity": 0.2694118245631885,
            "Underexposure": 0.0,
            "Meaningless Solid Color": 0.022421479820695072,
            "Excessive Darkness": 0.020224688295917927,
            "Noise": 0.16072684531779569,
            "Overexposure": 0.01581506062452308,
            "Motion Blur": 0.08333321470869517,
            "Edge Ringing Effect": 0.012195103658557927,
            "Blocking Artifacts": 0.24587875003859216,
            "Moiré Pattern": 0.42307609615506736,
            "Interlaced Scanning": 0.0,
            "Banding Effect": 0.0,
            "No Clear Subject": 0.0,
            "Infrared Tone": 0.0,
            "Blurred Image": 0.0,
            "Iris Expansion": 0.0
        },
        "average_F1": 0.09185474856347317,
        "F1": {
            "Out Of Focus Blur": 0.08002634948198166,
            "Edge Aliasing Effect": 0.13775249968673328,
            "Low Clarity": 0.29088589794862085,
            "Underexposure": 0.0,
            "Meaningless Solid Color": 0.022421491031418165,
            "Excessive Darkness": 0.027265881862691483,
            "Noise": 0.17796950742279513,
            "Overexposure": 0.020681237530430076,
            "Motion Blur": 0.11748618693086228,
            "Edge Ringing Effect": 0.016260140921421862,
            "Blocking Artifacts": 0.3267394907267511,
            "Moiré Pattern": 0.43589679059881126,
            "Interlaced Scanning": 0.0,
            "Banding Effect": 0.0,
            "No Clear Subject": 0.0,
            "Infrared Tone": 0.0,
            "Blurred Image": 0.0,
            "Iris Expansion": 0.0
        }
    },
    "pred_cap": {
        "IoU": {
            "Low Clarity": 0.8830956400088769,
            "Edge Aliasing Effect": 0.8958320243065772,
            "Out Of Focus Blur": 0.6333324956883066,
            "Noise": 0.8078219760495983,
            "Underexposure": 0.0,
            "Meaningless Solid Color": 0.9999985000012501,
            "Excessive Darkness": 0.666665765278335,
            "Overexposure": 0.6363627954550208,
            "Motion Blur": 0.5641018376072101,
            "Edge Ringing Effect": 0.6666657777782964,
            "Blocking Artifacts": 0.6709392740644274,
            "Moiré Pattern": 0.8333321388897733,
            "Interlaced Scanning": 0.0,
            "Banding Effect": 0.0,
            "Iris Effect": 0.0,
            "近距离拍摄": 0.0
        },
        "mAP": 0.12348232900244564,
        "AP": {
            "Low Clarity": 0.2640142213224505,
            "Edge Aliasing Effect": 0.11172392482789555,
            "Out Of Focus Blur": 0.05846499850416432,
            "Noise": 0.14726237797450767,
            "Underexposure": 0.0,
            "Meaningless Solid Color": 0.022831004566278543,
            "Excessive Darkness": 0.022875780138027994,
            "Overexposure": 0.011796025177595013,
            "Motion Blur": 0.08168631400979191,
            "Edge Ringing Effect": 0.012048174698816265,
            "Blocking Artifacts": 0.2506034853064056,
            "Moiré Pattern": 0.3749993125009688,
            "Interlaced Scanning": 0.0,
            "Banding Effect": 0.0,
            "Iris Effect": 0.0,
            "近距离拍摄": 0.0
        },
        "average_F1": 0.09952805629069425,
        "F1": {
            "Low Clarity": 0.2820305441477953,
            "Edge Aliasing Effect": 0.11862051632197433,
            "Out Of Focus Blur": 0.07885365064893934,
            "Noise": 0.16458742963172687,
            "Underexposure": 0.0,
            "Meaningless Solid Color": 0.0228310159817637,
            "Excessive Darkness": 0.02904861722345686,
            "Overexposure": 0.01598171404110783,
            "Motion Blur": 0.11594187966630407,
            "Edge Ringing Effect": 0.016064235609115577,
            "Blocking Artifacts": 0.3318232279340375,
            "Moiré Pattern": 0.41666606944488666,
            "Interlaced Scanning": 0.0,
            "Banding Effect": 0.0,
            "Iris Effect": 0.0,
            "近距离拍摄": 0.0
        }
    },
    "overall_iou_between_models": 0.5348034807916664
}