{
    "pred_vis": {
        "IoU": {
            "Low Clarity": 0.8891508879903012,
            "Excessive Darkness": 0.6481472885807391,
            "Out Of Focus Blur": 0.6642503226655717,
            "Underexposure": 0.0,
            "Edge Aliasing Effect": 0.9969955025037464,
            "Meaningless Solid Color": 0.9999985000012501,
            "Noise": 0.8377964145594318,
            "Overexposure": 0.6666657777782964,
            "Motion Blur": 0.6413034990946853,
            "Edge Ringing Effect": 0.0,
            "Blocking Artifacts": 0.6666657777782964,
            "Interlaced Scanning": 0.0,
            "Banding Effect": 0.0,
            "Moiré Pattern": 0.6666657777782964,
            "Compression": 0.0
        },
        "mAP": 0.11950601133233422,
        "AP": {
            "Low Clarity": 0.29977254353457616,
            "Excessive Darkness": 0.017368043642871225,
            "Out Of Focus Blur": 0.06453624415215954,
            "Underexposure": 0.0,
            "Edge Aliasing Effect": 0.15497865252500825,
            "Meaningless Solid Color": 0.02512557788952262,
            "Noise": 0.19760210950038978,
            "Overexposure": 0.011166236352376863,
            "Motion Blur": 0.10702598515813588,
            "Edge Ringing Effect": 0.0,
            "Blocking Artifacts": 0.27203024329549524,
            "Interlaced Scanning": 0.0,
            "Banding Effect": 0.0,
            "Moiré Pattern": 0.04545447727280682,
            "Compression": 0.0
        },
        "average_F1": 0.09397582472005274,
        "F1": {
            "Low Clarity": 0.31924702898347174,
            "Excessive Darkness": 0.02338006251393448,
            "Out Of Focus Blur": 0.0861527674133918,
            "Underexposure": 0.0,
            "Edge Aliasing Effect": 0.15521248355948922,
            "Meaningless Solid Color": 0.025125590452292717,
            "Noise": 0.21771043719409824,
            "Overexposure": 0.014888317617877586,
            "Motion Blur": 0.14460765175664475,
            "Edge Ringing Effect": 0.0,
            "Blocking Artifacts": 0.36270705151156357,
            "Interlaced Scanning": 0.0,
            "Banding Effect": 0.0,
            "Moiré Pattern": 0.06060597979802695,
            "Compression": 0.0
        }
    },
    "pred_cap": {
        "IoU": {
            "Out Of Focus Blur": 0.0,
            "Edge Aliasing Effect": 0.0,
            "Underexposure": 0.0,
            "Low Clarity": 0.0,
            "Excessive Darkness": 0.0,
            "Noise": 0.0,
            "Overexposure": 0.0,
            "Meaningless Solid Color": 0.0,
            "Motion Blur": 0.0,
            "Edge Ringing Effect": 0.0,
            "Blocking Artifacts": 0.0,
            "Interlaced Scanning": 0.0,
            "Banding Effect": 0.0,
            "Moiré Pattern": 0.0,
            "Compression": 0.0
        },
        "mAP": NaN,
        "AP": {
            "Out Of Focus Blur": 0.0,
            "Edge Aliasing Effect": 0.0,
            "Underexposure": 0.0,
            "Low Clarity": 0.0,
            "Excessive Darkness": 0.0,
            "Noise": 0.0,
            "Overexposure": 0.0,
            "Meaningless Solid Color": 0.0,
            "Motion Blur": 0.0,
            "Edge Ringing Effect": 0.0,
            "Blocking Artifacts": 0.0,
            "Interlaced Scanning": 0.0,
            "Banding Effect": 0.0,
            "Moiré Pattern": 0.0,
            "Compression": 0.0
        },
        "average_F1": 0.0,
        "F1": {
            "Out Of Focus Blur": 0.0,
            "Edge Aliasing Effect": 0.0,
            "Underexposure": 0.0,
            "Low Clarity": 0.0,
            "Excessive Darkness": 0.0,
            "Noise": 0.0,
            "Overexposure": 0.0,
            "Meaningless Solid Color": 0.0,
            "Motion Blur": 0.0,
            "Edge Ringing Effect": 0.0,
            "Blocking Artifacts": 0.0,
            "Interlaced Scanning": 0.0,
            "Banding Effect": 0.0,
            "Moiré Pattern": 0.0,
            "Compression": 0.0
        }
    },
    "overall_iou_between_models": 0.0
}