{
    "pred_vis": {
        "IoU": {
            "Edge Aliasing Effect": 0.5487766997610402,
            "Underexposure": 0.903332006889958,
            "Low Clarity": 0.750289332605018,
            "Out Of Focus Blur": 0.6865730383658281,
            "Excessive Darkness": 0.5833634835756503,
            "Meaningless Solid Color": 0.8814168760246386,
            "Noise": 0.8382362173136535,
            "Overexposure": 0.6164596300599279,
            "Motion Blur": 0.890609030501809,
            "Edge Ringing Effect": 0.6678652193527206,
            "Blocking Artifacts": 0.9152081209604064,
            "Moiré Pattern": 0.7777766504638254,
            "Interlaced Scanning": 0.9999985000012501,
            "Banding Effect": 0.0,
            "No Clear Subject": 0.0,
            "Infrared Tone": 0.0,
            "Blurred Image": 0.0,
            "Iris Expansion": 0.0
        },
        "mAP": 0.24627190122636783,
        "AP": {
            "Edge Aliasing Effect": 0.10927206862821691,
            "Underexposure": 0.09199504530093434,
            "Low Clarity": 0.47619870988591967,
            "Out Of Focus Blur": 0.2319154818055646,
            "Excessive Darkness": 0.14862189408711224,
            "Meaningless Solid Color": 0.4925069427147321,
            "Noise": 0.29050520663347534,
            "Overexposure": 0.04842517045289511,
            "Motion Blur": 0.2453319584857976,
            "Edge Ringing Effect": 0.10548763387670114,
            "Blocking Artifacts": 0.5883492008527473,
            "Moiré Pattern": 0.3141019914538026,
            "Interlaced Scanning": 0.05882341176488236,
            "Banding Effect": 0.0,
            "No Clear Subject": 0.0,
            "Infrared Tone": 0.0,
            "Blurred Image": 0.0,
            "Iris Expansion": 0.0
        },
        "average_F1": 0.19959128575393323,
        "F1": {
            "Edge Aliasing Effect": 0.1501589277202282,
            "Underexposure": 0.09713247385913525,
            "Low Clarity": 0.5442850360805188,
            "Out Of Focus Blur": 0.2765363626751251,
            "Excessive Darkness": 0.20188309319247225,
            "Meaningless Solid Color": 0.5256880919788204,
            "Noise": 0.31320705312151637,
            "Overexposure": 0.06299587460466416,
            "Motion Blur": 0.2591526277279855,
            "Edge Ringing Effect": 0.13031516475175037,
            "Blocking Artifacts": 0.6134911580064263,
            "Moiré Pattern": 0.3589738386756117,
            "Interlaced Scanning": 0.058823441176544124,
            "Banding Effect": 0.0,
            "No Clear Subject": 0.0,
            "Infrared Tone": 0.0,
            "Blurred Image": 0.0,
            "Iris Expansion": 0.0
        }
    },
    "pred_cap": {
        "IoU": {
            "Low Clarity": 0.74120147484068,
            "Out Of Focus Blur": 0.6793748206172858,
            "Edge Aliasing Effect": 0.5887144261571717,
            "Noise": 0.8304370975203649,
            "Underexposure": 0.73472112840369,
            "Excessive Darkness": 0.5737795762941175,
            "Meaningless Solid Color": 0.8746982269131126,
            "Overexposure": 0.6131035610414481,
            "Motion Blur": 0.8745357621692141,
            "Edge Ringing Effect": 0.6066987853298741,
            "Blocking Artifacts": 0.9120507995879371,
            "Moiré Pattern": 0.7777766504638254,
            "Interlaced Scanning": 0.9999985000012501,
            "Banding Effect": 0.0,
            "Iris Effect": 0.0,
            "近距离拍摄": 0.0
        },
        "mAP": 0.2318008635303914,
        "AP": {
            "Low Clarity": 0.44793826441630263,
            "Out Of Focus Blur": 0.22429511836788055,
            "Edge Aliasing Effect": 0.12312108478811155,
            "Noise": 0.28002950224050416,
            "Underexposure": 0.038246198072240466,
            "Excessive Darkness": 0.1277088841287751,
            "Meaningless Solid Color": 0.46463038815052327,
            "Overexposure": 0.04698024220458733,
            "Motion Blur": 0.23287176040358049,
            "Edge Ringing Effect": 0.07633857042797734,
            "Blocking Artifacts": 0.5554186108417077,
            "Moiré Pattern": 0.3402771574082861,
            "Interlaced Scanning": 0.055555444444611114,
            "Banding Effect": 0.0,
            "Iris Effect": 0.0,
            "近距离拍摄": 0.0
        },
        "average_F1": 0.21281115954662871,
        "F1": {
            "Low Clarity": 0.5187570911115972,
            "Out Of Focus Blur": 0.2712128730527505,
            "Edge Aliasing Effect": 0.15996791993512116,
            "Noise": 0.30386055959165115,
            "Underexposure": 0.043863947964399415,
            "Excessive Darkness": 0.17625908552825828,
            "Meaningless Solid Color": 0.4952629230010319,
            "Overexposure": 0.06019053224836134,
            "Motion Blur": 0.24887974259361037,
            "Edge Ringing Effect": 0.10233473487491852,
            "Blocking Artifacts": 0.5799453453901556,
            "Moiré Pattern": 0.3888883252319127,
            "Interlaced Scanning": 0.05555547222229167,
            "Banding Effect": 0.0,
            "Iris Effect": 0.0,
            "近距离拍摄": 0.0
        }
    },
    "overall_iou_between_models": 0.5348034807916664
}